Workbook

Sheet Resumen
A1: MalAPI.io — Exportación del catálogo de APIs de Windows usadas por malware
A2: Fuente: https://malapi.io/ (tabla principal + páginas /winapi/<API>). Extraído el 28/09/2026.
A4: Categoría | B4: APIs asignadas | C4: % del total de asignaciones
A5: Enumeration | B5: =COUNTIF(Mapeo_Categoria_API!$A:$A,A5) -> 73 | C5: =IFERROR(B5/$B$13,0) -> 0.17056075
A6: Injection | B6: =COUNTIF(Mapeo_Categoria_API!$A:$A,A6) -> 91 | C6: =IFERROR(B6/$B$13,0) -> 0.21261682
A7: Evasion | B7: =COUNTIF(Mapeo_Categoria_API!$A:$A,A7) -> 38 | C7: =IFERROR(B7/$B$13,0) -> 0.088785047
A8: Spying | B8: =COUNTIF(Mapeo_Categoria_API!$A:$A,A8) -> 29 | C8: =IFERROR(B8/$B$13,0) -> 0.067757009
A9: Internet | B9: =COUNTIF(Mapeo_Categoria_API!$A:$A,A9) -> 41 | C9: =IFERROR(B9/$B$13,0) -> 0.095794393
A10: Anti-Debugging | B10: =COUNTIF(Mapeo_Categoria_API!$A:$A,A10) -> 24 | C10: =IFERROR(B10/$B$13,0) -> 0.056074766
A11: Ransomware | B11: =COUNTIF(Mapeo_Categoria_API!$A:$A,A11) -> 21 | C11: =IFERROR(B11/$B$13,0) -> 0.049065421
A12: Helper | B12: =COUNTIF(Mapeo_Categoria_API!$A:$A,A12) -> 111 | C12: =IFERROR(B12/$B$13,0) -> 0.25934579
A13: Total asignaciones | B13: =SUM(B5:B12) -> 428 | C13: =SUM(C5:C12) -> 1
A14: APIs únicas | B14: =COUNTA(Catalogo_APIs!A2:A371) -> 370
A15: APIs en más de una categoría | B15: =SUMPRODUCT(--(COUNTIF(Mapeo_Categoria_API!$B$2:$B$429,Catalogo_APIs!A2:A371)>1)) -> 53
A17: Notas
A18: • Una misma API puede figurar en varias categorías; por eso el total de asignaciones supera las APIs únicas.
A19: • La columna "Categorías" sale de la tabla principal; algunas páginas individuales listan "Associated Attacks" distintos.
A20: • ReadFile: su página individual devolvió error 406 (Mod Security), así que no tiene librería ni descripción.
A21: • Textos de descripción tal como figuran en el sitio (en inglés), incluidos sus errores de tipeo.

Sheet Catalogo_APIs
A1: API | B1: Librería (DLL) | C1: Categorías (tabla principal) | D1: Enumeration | E1: Injection | F1: Evasion | G1: Spying | H1: Internet | I1: Anti-Debugging | J1: Ransomware | K1: Helper | L1: Descripción | M1: Documentación | N1: Creado | O1: Actualizado | P1: Créditos | Q1: URL MalAPI
A2: Accept | B2: Ws2_32.dll | C2: Internet | H2: X | L2: Accept is used to permit an incoming connection attempt on a socket. | M2: https://docs.microsoft.com/en-us/windows/win32/api/winsock2/nf-winsock2-accept | N2: 2021-10-30 | O2: 2021-10-30 | P2: mr.d0x | Q2: https://malapi.io/winapi/Accept
A3: AdjustTokenPrivileges | B3: Advapi32.dll | C3: Injection | E3: X | L3: AdjustTokenPrivileges is used to enable or disable specific access privileges. Malware that performs process injection often calls this function to gain additional permissions. | M3: https://docs.microsoft.com/en-us/windows/win32/api/securitybaseapi/nf-securitybaseapi-adjusttokenprivileges | N3: 2021-10-30 | O3: 2021-10-30 | P3: mr.d0x | Q3: https://malapi.io/winapi/AdjustTokenPrivileges
A4: AttachThreadInput | B4: User32.dll | C4: Spying | G4: X | L4: AttachThreadInput is used to attach the input processing from one thread to another so that the second thread receives input events such as keyboard and mouse events. This function is commonly used by keyloggers. | M4: https://docs.microsoft.com/en-us/windows/win32/api/winuser/nf-winuser-attachthreadinput | N4: 2021-10-30 | O4: 2021-10-30 | P4: mr.d0x | Q4: https://malapi.io/winapi/AttachThreadInput
A5: Bind | B5: Ws2_32.dll | C5: Internet | H5: X | L5: Bind is used to associates a local address with a socket. | M5: https://docs.microsoft.com/en-us/windows/win32/api/winsock2/nf-winsock2-bind | N5: 2021-10-30 | O5: 2021-10-30 | P5: mr.d0x | Q5: https://malapi.io/winapi/Bind
A6: BitBlt | B6: Gdi32.dll | C6: Spying | G6: X | L6: BitBlt is used to copy graphic data from one device to another. Spyware sometimes uses this function to capture screenshots. | M6: https://docs.microsoft.com/en-us/windows/win32/api/wingdi/nf-wingdi-bitblt | N6: 2021-10-30 | O6: 2021-10-30 | P6: mr.d0x | Q6: https://malapi.io/winapi/BitBlt
A7: BringWindowToTop | B7: User32.dll | C7: Helper | K7: X | L7: BringWindowToTop is used for bringing the specified window to the top of the Z order. | M7: https://docs.microsoft.com/en-us/windows/win32/api/winuser/nf-winuser-bringwindowtotop | N7: 2021-10-30 | O7: 2021-10-30 | P7: mr.d0x | Q7: https://malapi.io/winapi/BringWindowToTop
A8: CallNextHookEx | B8: User32.dll | C8: Spying | G8: X | L8: CallNextHookEx is used within code that is hooking an event set by SetWindowsHookEx. CallNextHookEx calls the next hook in the chain. This function is commonly used by keyloggers. | M8: https://docs.microsoft.com/en-us/windows/win32/api/winuser/nf-winuser-callnexthookex | N8: 2021-10-30 | O8: 2021-10-30 | P8: mr.d0x | Q8: https://malapi.io/winapi/CallNextHookEx
A9: CallWindowProcA | B9: User32.dll | C9: Helper | K9: X | L9: CallWindowProcA is used to pass message information to the specified window procedure. | M9: https://docs.microsoft.com/en-us/windows/win32/api/winuser/nf-winuser-callwindowproca | N9: 2021-11-02 | O9: 2021-11-02 | P9: @TalenceSecurity | Q9: https://malapi.io/winapi/CallWindowProcA
A10: CheckRemoteDebuggerPresent | B10: Kernel32.dll | C10: Anti-Debugging | I10: X | L10: CheckRemoteDebuggerPresent is used to check if a debugger is being used. This function is commonly used by malware for anti-debugging techniques. | M10: https://docs.microsoft.com/en-us/windows/win32/api/debugapi/nf-debugapi-checkremotedebuggerpresent | N10: 2021-10-30 | O10: 2021-10-30 | P10: mr.d0x | Q10: https://malapi.io/winapi/CheckRemoteDebuggerPresent
A11: Closesocket | B11: Ws2_32.dll | C11: Internet | H11: X | L11: Closesocket is used to close an existing socket. | M11: https://docs.microsoft.com/en-us/windows/win32/api/winsock/nf-winsock-closesocket | N11: 2021-11-02 | O11: 2021-11-02 | P11: Paul Melson - @pmelson | Q11: https://malapi.io/winapi/Closesocket
A12: Connect | B12: Ws2_32.dll | C12: Internet | H12: X | L12: Connect is used to establish a connection to a specified socket. | M12: https://docs.microsoft.com/en-us/windows/win32/api/winsock2/nf-winsock2-connect | N12: 2021-10-30 | O12: 2021-10-30 | P12: mr.d0x | Q12: https://malapi.io/winapi/Connect
A13: ConnectNamedPipe | B13: Kernel32.dll | C13: Helper | K13: X | L13: ConnectNamedPipe is used to create a server pipe for interprocess communication that will wait for a client pipe to connect. This function can be used to simplify connectivity to a C2 server. | M13: https://docs.microsoft.com/en-us/windows/win32/api/namedpipeapi/nf-namedpipeapi-connectnamedpipe | N13: 2021-10-30 | O13: 2021-10-30 | P13: mr.d0x | Q13: https://malapi.io/winapi/ConnectNamedPipe
A14: ControlService | B14: Advapi32.dll | C14: Helper | K14: X | L14: ControlService is used to start, stop, modify, or send a signal to a running service. This function is commonly used by malware went it requires interaction with a service for malicious purposes. | M14: https://docs.microsoft.com/en-us/windows/win32/api/winsvc/nf-winsvc-controlservice | N14: 2021-10-30 | O14: 2021-10-30 | P14: mr.d0x | Q14: https://malapi.io/winapi/ControlService
A15: ControlServiceExA | B15: Advapi32.dll | C15: Helper | K15: X | L15: ControlServiceExA is used to start, stop, modify, or send a signal to a running service. This function is commonly used by malware went it requires interaction with a service for malicious purposes. | M15: https://docs.microsoft.com/en-us/windows/win32/api/winsvc/nf-winsvc-controlserviceexa | N15: 2021-10-30 | O15: 2021-10-30 | P15: mr.d0x | Q15: https://malapi.io/winapi/ControlServiceExA
A16: CopyFile2 | B16: Kernel32.dll | C16: Helper | K16: X | L16: CopyFile2 is used to copy an existing file to a new file. | M16: https://docs.microsoft.com/en-us/windows/win32/api/winbase/nf-winbase-copyfile2 | N16: 2021-10-30 | O16: 2021-10-30 | P16: mr.d0x | Q16: https://malapi.io/winapi/CopyFile2
A17: CopyFileA | B17: Kernel32.dll | C17: Helper | K17: X | L17: CopyFileA is used to copy an existing file to a new file. | M17: https://docs.microsoft.com/en-us/windows/win32/api/winbase/nf-winbase-copyfilea | N17: 2021-10-30 | O17: 2021-10-30 | P17: mr.d0x | Q17: https://malapi.io/winapi/CopyFileA
A18: CopyFileExA | B18: Kernel32.dll | C18: Helper | K18: X | L18: CopyFileExA is used to copy an existing file to a new file. | M18: https://docs.microsoft.com/en-us/windows/win32/api/winbase/nf-winbase-copyfileexa | N18: 2021-10-30 | O18: 2021-10-30 | P18: mr.d0x | Q18: https://malapi.io/winapi/CopyFileExA
A19: CountClipboardFormats | B19: User32.dll | C19: Anti-Debugging | I19: X | L19: CountClipboardFormats is used to determine whether victim's clipboard was empty. A kind of Anti-debugging technique to determine if the system could be a sandbox. | M19: https://docs.microsoft.com/en-us/windows/win32/api/winuser/nf-winuser-countclipboardformats | N19: 2021-12-24 | O19: 2021-12-24 | P19: Jorge Testa - https://jorgetesta.tech | Q19: https://malapi.io/winapi/CountClipboardFormats
A20: CreateFile2 | B20: Kernel32.dll | C20: Helper | K20: X | L20: CreateFile2 is used to create a new file or opens an existing file. | M20: https://docs.microsoft.com/en-us/windows/win32/api/fileapi/nf-fileapi-createfile2 | N20: 2021-10-30 | O20: 2021-10-30 | P20: mr.d0x | Q20: https://malapi.io/winapi/CreateFile2
A21: CreateFileA | B21: Kernel32.dll | C21: Helper | K21: X | L21: CreateFileA is used to create a new file or opens an existing file. | M21: https://docs.microsoft.com/en-us/windows/win32/api/fileapi/nf-fileapi-createfilea | N21: 2021-10-30 | O21: 2021-10-30 | P21: mr.d0x | Q21: https://malapi.io/winapi/CreateFileA
A22: CreateFileMappingA | B22: Kernel32.dll | C22: Injection, Evasion | E22: X | F22: X | L22: CreateFileMappingA creates a handle to a file mapping that loads a file into memory and makes it accessible via memory addresses. Launchers, loaders, and injectors use this function to read and modify PE files. | M22: https://docs.microsoft.com/en-us/windows/win32/api/winbase/nf-winbase-createfilemappinga | N22: 2021-10-30 | O22: 2021-10-30 | P22: mr.d0x | Q22: https://malapi.io/winapi/CreateFileMappingA
A23: CreateMutexA | B23: Kernel32.dll | C23: Helper | K23: X | L23: CreateMutexA is used to create a new mutex object. Mutexs are often used by malware to prevent the reinfection of a system with the same or different malware variant. | M23: https://docs.microsoft.com/en-us/windows/win32/api/synchapi/nf-synchapi-createmutexa | N23: 2021-10-30 | O23: 2021-10-30 | P23: mr.d0x | Q23: https://malapi.io/winapi/CreateMutexA
A24: CreateMutexExA | B24: Kernel32.dll | C24: Helper | K24: X | L24: CreateMutexExA is used to create a new mutex object. Mutexs are often used by malware to prevent the reinfection of a system with the same or different malware variant. | M24: https://docs.microsoft.com/en-us/windows/win32/api/synchapi/nf-synchapi-createmutexexa | N24: 2021-10-30 | O24: 2021-10-30 | P24: mr.d0x | Q24: https://malapi.io/winapi/CreateMutexExA
A25: CreatePipe | B25: Kernel32.dll | C25: Helper | K25: X | L25: CreatePipe is used to create an anonymous pipe and returns handles to the read and write ends of the pipe. Could be used to add a sub-process for execution via cmd. | M25: https://docs.microsoft.com/en-us/windows/win32/api/namedpipeapi/nf-namedpipeapi-createpipe | N25: 2021-11-02 | O25: 2021-11-02 | P25: @TalenceSecurity | Q25: https://malapi.io/winapi/CreatePipe
A26: CreateProcessA | B26: Kernel32.dll | C26: Injection | E26: X | L26: CreateProcessA is used to create a process. This function is used by malware in several process injection attacks such as process hollowing. | M26: https://docs.microsoft.com/en-us/windows/win32/api/processthreadsapi/nf-processthreadsapi-createprocessa | N26: 2021-10-30 | O26: 2021-10-30 | P26: mr.d0x | Q26: https://malapi.io/winapi/CreateProcessA
A27: CreateProcessAsUserA | B27: Advapi32.dll | C27: Injection | E27: X | L27: CreateProcessAsUserA is used to create a new process and its primary thread. | M27: https://docs.microsoft.com/en-us/windows/win32/api/processthreadsapi/nf-processthreadsapi-createprocessasusera | N27: 2021-10-30 | O27: 2021-10-30 | P27: mr.d0x | Q27: https://malapi.io/winapi/CreateProcessAsUserA
A28: CreateProcessInternal | B28: Kernel32.dll | C28: Injection, Evasion | E28: X | F28: X | L28: CreateProcessInternal is an undocumented API for process creation. According to Windows Internals, CreateProcess and CreateProcessAsUser actually lead to this API, which is responsible for starting the process creation in user land. Eventually it calls NtCreateUserProcess for the kernel land operations. This API is commonly used for spawning a suspended process to be hollowed/injected. | M28: https://medium.com/@Achilles8284/the-birth-of-a-process-part-1-bfb4fdac070e | N28: 2022-03-27 | O28: 2022-03-27 | P28: InfoSecDodo - @dodo_sec | Q28: https://malapi.io/winapi/CreateProcessInternal
A29: CreateProcessWithTokenW | B29: Advapi32.dll | C29: Injection | E29: X | L29: CreateProcessWithTokenW is used to create a new process and its primary thread. | M29: https://docs.microsoft.com/en-us/windows/win32/api/winbase/nf-winbase-createprocesswithtokenw | N29: 2021-10-30 | O29: 2021-10-30 | P29: mr.d0x | Q29: https://malapi.io/winapi/CreateProcessWithTokenW
A30: CreateRemoteThread | B30: Kernel32.dll | C30: Injection | E30: X | L30: CreateRemoteThread is used to create a thread that runs in the virtual address space of another process. | M30: https://docs.microsoft.com/en-us/windows/win32/api/processthreadsapi/nf-processthreadsapi-createremotethread | N30: 2021-10-30 | O30: 2021-10-30 | P30: mr.d0x | Q30: https://malapi.io/winapi/CreateRemoteThread
A31: CreateRemoteThreadEx | B31: Kernel32.dll | C31: Injection | E31: X | L31: CreateRemoteThreadEx is used to create a thread that runs in the virtual address space of another process. | M31: https://docs.microsoft.com/en-us/windows/win32/api/processthreadsapi/nf-processthreadsapi-createremotethreadex | N31: 2021-10-30 | O31: 2021-10-30 | P31: mr.d0x | Q31: https://malapi.io/winapi/CreateRemoteThreadEx
A32: CreateServiceA | B32: Advapi32.dll | C32: Helper | K32: X | L32: CreateServiceA is used to create a service object and adds it to the specified service control manager database. This function is commonly used by malware for persistence. | M32: https://docs.microsoft.com/en-us/windows/win32/api/winsvc/nf-winsvc-createservicea | N32: 2021-10-30 | O32: 2021-10-30 | P32: mr.d0x | Q32: https://malapi.io/winapi/CreateServiceA
A33: CreateThread | B33: Kernel32.dll | C33: Injection | E33: X | L33: CreateThread is used to create a thread to execute within the virtual address space of the calling process. This function is commonly used for shellcode execution. | M33: https://docs.microsoft.com/en-us/windows/win32/api/processthreadsapi/nf-processthreadsapi-createthread | N33: 2021-10-30 | O33: 2021-10-30 | P33: mr.d0x | Q33: https://malapi.io/winapi/CreateThread
A34: CreateTimerQueueTimer | B34: Kernel32.dll | C34: Evasion | F34: X | L34: CreateTimerQueueTimer is used to create a timer-queue timer. This function is commonly used by malware for time-based evasion. | M34: https://docs.microsoft.com/en-us/windows/win32/api/threadpoollegacyapiset/nf-threadpoollegacyapiset-createtimerqueuetimer | N34: 2021-11-01 | O34: 2021-11-01 | P34: mr.d0x | Q34: https://malapi.io/winapi/CreateTimerQueueTimer
A35: CreateToolhelp32Snapshot | B35: Kernel32.dll | C35: Enumeration, Anti-Debugging | D35: X | I35: X | L35: CreateToolhelp32Snapshot is used to enumerate processes, threads, and modules. This function is commonly used by malware to enumerate processes before process injection. | M35: https://docs.microsoft.com/en-us/windows/win32/api/tlhelp32/nf-tlhelp32-createtoolhelp32snapshot | N35: 2021-10-30 | O35: 2021-10-30 | P35: mr.d0x | Q35: https://malapi.io/winapi/CreateToolhelp32Snapshot
A36: CreateWaitableTimer | B36: Kernel32.dll | C36: Evasion | F36: X | L36: CreateWaitableTimer is used to create a delay timer. This function is used by malware for time-based evasion. | M36: https://docs.microsoft.com/en-us/windows/win32/api/synchapi/nf-synchapi-createwaitabletimerw | N36: 2021-11-01 | O36: 2021-11-01 | P36: mr.d0x | Q36: https://malapi.io/winapi/CreateWaitableTimer
A37: CreateWindowExA | B37: User32.dll | C37: Evasion | F37: X | L37: CreateWindowExA is used to create an overlapped, pop-up, or child window with an extended window style. This function is commonly used by malware to create invisible windows or for evasion purposes. | M37: https://docs.microsoft.com/en-us/windows/win32/api/winuser/nf-winuser-createwindowexa | N37: 2021-10-30 | O37: 2021-10-30 | P37: mr.d0x | Q37: https://malapi.io/winapi/CreateWindowExA
A38: CryptAcquireContextA | B38: Advapi32.dll | C38: Ransomware | J38: X | L38: CryptAcquireContextA is used to acquire a handle to a particular key container within a particular cryptographic service provider (CSP) | M38: https://docs.microsoft.com/en-us/windows/win32/api/wincrypt/nf-wincrypt-cryptacquirecontexta | N38: 2021-10-30 | O38: 2021-10-30 | P38: mr.d0x | Q38: https://malapi.io/winapi/CryptAcquireContextA
A39: CryptBinaryToString | B39: Crypt32.dll | C39: Ransomware | J39: X | L39: The CryptBinaryToString function is used to convert an array of bytes into a formatted string. | M39: https://docs.microsoft.com/en-us/windows/win32/api/wincrypt/nf-wincrypt-cryptbinarytostringa | N39: 2021-12-24 | O39: 2021-12-24 | P39: mr.d0x | Q39: https://malapi.io/winapi/CryptBinaryToString
A40: CryptCreateHash | B40: Advapi32.dll | C40: Ransomware | J40: X | L40: CryptCreateHash is used to create a hash. | M40: https://docs.microsoft.com/en-us/windows/win32/api/wincrypt/nf-wincrypt-cryptcreatehash | N40: 2021-10-30 | O40: 2021-10-30 | P40: mr.d0x | Q40: https://malapi.io/winapi/CryptCreateHash
A41: CryptDecrypt | B41: Advapi32.dll | C41: Ransomware | J41: X | L41: CryptDecrypt is used to decrypt data. | M41: https://docs.microsoft.com/en-us/windows/win32/api/wincrypt/nf-wincrypt-cryptdecrypt | N41: 2021-10-30 | O41: 2021-10-30 | P41: mr.d0x | Q41: https://malapi.io/winapi/CryptDecrypt
A42: CryptDeriveKey | B42: Advapi32.dll | C42: Ransomware | J42: X | L42: CryptDeriveKey is used to create encryption keys. | M42: https://docs.microsoft.com/en-us/windows/win32/api/wincrypt/nf-wincrypt-cryptderivekey | N42: 2021-10-30 | O42: 2021-10-30 | P42: mr.d0x | Q42: https://malapi.io/winapi/CryptDeriveKey
A43: CryptDestroyHash | B43: Crypt32.dll | C43: Ransomware | J43: X | L43: The CryptDestroyHash function destroys the hash object referenced by the hHash parameter. After a hash object has been destroyed, it can no longer be used. | M43: https://docs.microsoft.com/en-us/windows/win32/api/wincrypt/nf-wincrypt-cryptdestroyhash | N43: 2021-12-24 | O43: 2021-12-24 | P43: mr.d0x | Q43: https://malapi.io/winapi/CryptDestroyHash
A44: CryptDestroyKey | B44: Advapi32.dll | C44: Ransomware | J44: X | L44: CryptDestroyKey is used to destroy previously generated encryption keys. | M44: https://docs.microsoft.com/en-us/windows/win32/api/wincrypt/nf-wincrypt-cryptdestroykey | N44: 2021-10-30 | O44: 2021-10-30 | P44: mr.d0x | Q44: https://malapi.io/winapi/CryptDestroyKey
A45: CryptEncrypt | B45: Advapi32.dll | C45: Ransomware | J45: X | L45: CryptEncrypt is used to encrypt data. | M45: https://docs.microsoft.com/en-us/windows/win32/api/wincrypt/nf-wincrypt-cryptencrypt | N45: 2021-10-30 | O45: 2021-10-30 | P45: mr.d0x | Q45: https://malapi.io/winapi/CryptEncrypt
A46: CryptGenRandom | B46: Advapi32.dll | C46: Ransomware | J46: X | L46: CryptGenRandom is used to fill a buffer with cryptographically random bytes. | M46: https://docs.microsoft.com/en-us/windows/win32/api/wincrypt/nf-wincrypt-cryptgenrandom | N46: 2021-10-30 | O46: 2021-10-30 | P46: mr.d0x | Q46: https://malapi.io/winapi/CryptGenRandom
A47: CryptGetHashParam | B47: Advapi32.dll | C47: Ransomware | J47: X | L47: CryptGetHashParam | M47: https://docs.microsoft.com/en-us/windows/win32/api/wincrypt/nf-wincrypt-cryptgethashparam | N47: 2021-10-30 | O47: 2021-10-30 | P47: mr.d0x | Q47: https://malapi.io/winapi/CryptGetHashParam
A48: CryptHashData | B48: Advapi32.dll | C48: Ransomware | J48: X | L48: CryptHashData is used to create a hash. | M48: https://docs.microsoft.com/en-us/windows/win32/api/wincrypt/nf-wincrypt-crypthashdata | N48: 2021-10-30 | O48: 2021-10-30 | P48: mr.d0x | Q48: https://malapi.io/winapi/CryptHashData
A49: CryptProtectData | B49: Crypt32.dll | C49: Evasion, Ransomware | F49: X | J49: X | L49: CryptProtectData can be leveraged to create a malicious artifact for encrypting the file system (Ransomware), effectively evading typical detection methods. More information is available: https://github.com/CarlosG13/Data-Protection-API-DPAPI-For-Impact---Ransomware | M49: https://learn.microsoft.com/en-us/windows/win32/api/dpapi/nf-dpapi-cryptprotectdata | N49: 2023-11-19 | O49: 2023-11-19 | P49: Carlos David Garrido León | Q49: https://malapi.io/winapi/CryptProtectData
A50: CryptReleaseContext | B50: Crypt32.dll | C50: Ransomware | J50: X | L50: The CryptReleaseContext function is used to release the handle of a cryptographic service provider (CSP) and a key container. | M50: https://docs.microsoft.com/en-us/windows/win32/api/wincrypt/nf-wincrypt-cryptreleasecontext | N50: 2021-12-24 | O50: 2021-12-24 | P50: mr.d0x | Q50: https://malapi.io/winapi/CryptReleaseContext
A51: CryptSetKeyParam | B51: Advapi32.dll | C51: Ransomware | J51: X | L51: CryptSetKeyParam is used to customize various aspects of a session key's operations. | M51: https://docs.microsoft.com/en-us/windows/win32/api/wincrypt/nf-wincrypt-cryptsetkeyparam | N51: 2021-10-30 | O51: 2021-10-30 | P51: mr.d0x | Q51: https://malapi.io/winapi/CryptSetKeyParam
A52: CryptStringToBinary | B52: Crypt32.dll | C52: Ransomware | J52: X | L52: The CryptStringToBinary function is used to convert a formatted string into an array of bytes. | M52: https://docs.microsoft.com/en-us/windows/win32/api/wincrypt/nf-wincrypt-cryptstringtobinarya | N52: 2021-12-24 | O52: 2021-12-24 | P52: mr.d0x | Q52: https://malapi.io/winapi/CryptStringToBinary
A53: DebugActiveProcessStop | B53: Kernel32.dll | C53: Injection | E53: X | L53: DebugActiveProcessStop stops the debugger from debugging the specified process. | M53: https://github.com/CarlosG13/Process-Hypnosis-Debugger-assisted-control-flow-hijack | N53: 2024-03-13 | O53: 2024-03-13 | P53: @H0udini_13 | Q53: https://malapi.io/winapi/DebugActiveProcessStop
A54: DecryptFileA | B54: Advapi32.dll | C54: Ransomware | J54: X | L54: DecryptFileA is used to decrypt an encrypted file or directory. | M54: https://docs.microsoft.com/en-us/windows/win32/api/winbase/nf-winbase-decryptfilea | N54: 2021-10-30 | O54: 2021-10-30 | P54: mr.d0x | Q54: https://malapi.io/winapi/DecryptFileA
A55: DeleteFileA | B55: Kernel32.dll | C55: Evasion | F55: X | L55: DeleteFileA is used to delete an existing file. This function is used by malware to hide its tracks or tamper with an application. | M55: https://docs.microsoft.com/en-us/windows/win32/api/fileapi/nf-fileapi-deletefilea | N55: 2021-10-30 | O55: 2021-10-30 | P55: mr.d0x | Q55: https://malapi.io/winapi/DeleteFileA
A56: DeleteService | B56: Advapi32.dll | C56: Helper | K56: X | L56: DeleteService is used to mark the specified service for deletion from the service control manager database. | M56: https://docs.microsoft.com/en-us/windows/win32/api/winsvc/nf-winsvc-deleteservice | N56: 2021-10-30 | O56: 2021-10-30 | P56: mr.d0x | Q56: https://malapi.io/winapi/DeleteService
A57: DeviceIoControl | B57: Kernel32.dll | C57: Helper | K57: X | L57: DeviceIoControl is used to send a control message from user space to a device driver. DeviceIoControl is popular with kernel malware because it is an easy, flexible way to pass information between user space and kernel space. | M57: https://docs.microsoft.com/en-us/windows/win32/api/ioapiset/nf-ioapiset-deviceiocontrol | N57: 2021-10-30 | O57: 2021-10-30 | P57: mr.d0x | Q57: https://malapi.io/winapi/DeviceIoControl
A58: DnsQuery_A | B58: Dnsapi.dll | C58: Internet | H58: X | L58: DnsQuery_A is used to send a DNS query. This may be used for communications over a DNS tunnel. | M58: https://docs.microsoft.com/en-us/windows/win32/api/windns/nf-windns-dnsquery_a | N58: 2021-11-01 | O58: 2021-11-01 | P58: Eran Zimmerman Gonen - @3r4nz | Q58: https://malapi.io/winapi/DnsQuery_A
A59: DnsQueryEx | B59: Dnsapi.dll | C59: Internet | H59: X | L59: DnsQueryEx is used to send a DNS query. This may be used for communications over a DNS tunnel. | M59: https://docs.microsoft.com/en-us/windows/win32/api/windns/nf-windns-dnsqueryex | N59: 2021-11-01 | O59: 2021-11-01 | P59: Eran Zimmerman Gonen - @3r4nz | Q59: https://malapi.io/winapi/DnsQueryEx
A60: DrawTextExA | B60: User32.dll | C60: Helper | K60: X | L60: DrawTextExA is used to draw formatted text in the specified rectangle. This function has been used by ransomware for writing ransom notes. | M60: https://docs.microsoft.com/en-us/windows/win32/api/winuser/nf-winuser-drawtextexa | N60: 2021-10-30 | O60: 2021-10-30 | P60: mr.d0x | Q60: https://malapi.io/winapi/DrawTextExA
A61: DuplicateToken | B61: Advapi32.dll | C61: Injection, Evasion | E61: X | F61: X | L61: The DuplicateToken function creates a new access token that duplicates one already in existence. | M61: https://docs.microsoft.com/en-us/windows/win32/api/securitybaseapi/nf-securitybaseapi-duplicatetoken | N61: 2021-11-11 | O61: 2021-11-11 | P61: @TalenceSecurity | Q61: https://malapi.io/winapi/DuplicateToken
A62: EncryptFileA | B62: Advapi32.dll | C62: Ransomware | J62: X | L62: EncryptFileA is used to encrypt a file or directory. | M62: https://docs.microsoft.com/en-us/windows/win32/api/winbase/nf-winbase-encryptfilea | N62: 2021-10-30 | O62: 2021-10-30 | P62: mr.d0x | Q62: https://malapi.io/winapi/EncryptFileA
A63: EnumDesktopWindows | B63: User32.dll | C63: Enumeration | D63: X | L63: EnumDesktopWindows is used to enumerate all top-level windows associated with the specified desktop. This function is commonly used for enumeration purposes. | M63: https://docs.microsoft.com/en-us/windows/win32/api/winuser/nf-winuser-enumdesktopwindows | N63: 2021-10-30 | O63: 2021-10-30 | P63: mr.d0x | Q63: https://malapi.io/winapi/EnumDesktopWindows
A64: EnumDeviceDrivers | B64: Kernel32.dll | C64: Enumeration | D64: X | L64: EnumDeviceDrivers is used to enumerate drivers in the machine. This function is commonly used with kernel malware or for enumeration purposes. | M64: https://docs.microsoft.com/en-us/windows/win32/api/psapi/nf-psapi-enumdevicedrivers | N64: 2021-10-30 | O64: 2021-10-30 | P64: mr.d0x | Q64: https://malapi.io/winapi/EnumDeviceDrivers
A65: EnumProcesses | B65: Kernel32.dll | C65: Enumeration | D65: X | L65: EnumProcesses is used to enumerate processes in the machine. Process enumeration is often a precursor to process injection. | M65: https://docs.microsoft.com/en-us/windows/win32/api/psapi/nf-psapi-enumprocesses | N65: 2021-10-30 | O65: 2021-10-30 | P65: mr.d0x | Q65: https://malapi.io/winapi/EnumProcesses
A66: EnumProcessModules | B66: Kernel32.dll | C66: Enumeration | D66: X | L66: EnumProcessModules is used to enumerate the loaded modules (executables and DLLs) for a given process. Malware enumerates through modules when doing injection. | M66: https://docs.microsoft.com/en-us/windows/win32/api/psapi/nf-psapi-enumprocessmodules | N66: 2021-10-30 | O66: 2021-10-30 | P66: mr.d0x | Q66: https://malapi.io/winapi/EnumProcessModules
A67: EnumProcessModulesEx | B67: Kernel32.dll | C67: Enumeration | D67: X | L67: EnumProcessModulesEx is used to enumerate the loaded modules (executables and DLLs) for a given process. Malware enumerates through modules when doing injection. | M67: https://docs.microsoft.com/en-us/windows/win32/api/psapi/nf-psapi-enumprocessmodulesex | N67: 2021-10-30 | O67: 2021-10-30 | P67: mr.d0x | Q67: https://malapi.io/winapi/EnumProcessModulesEx
A68: EnumResourceTypesA | B68: Kernel32.dll | C68: Enumeration | D68: X | L68: EnumResourceTypesA is used to enumerate resource types within a binary module. Starting with Windows Vista, this is typically a language-neutral Portable Executable (LN file), and the enumeration also includes resources from one of the corresponding language-specific resource files (.mui files)—if one exists—that contain localizable language resources. It is also possible to use hModule to specify a .mui file, in which case only that file is searched for resource types. Alternately, applications can call EnumResourceTypesEx, which provides more precise control over which resource files to enumerate. | M68: https://docs.microsoft.com/en-us/windows/win32/api/winbase/nf-winbase-enumresourcetypesa | N68: 2021-11-02 | O68: 2021-11-02 | P68: @TalenceSecurity | Q68: https://malapi.io/winapi/EnumResourceTypesA
A69: EnumResourceTypesExA | B69: Kernel32.dll | C69: Enumeration | D69: X | L69: EnumResourceTypesExA is used to enumerate resource types associated with a specified binary module. The search can include both a language-neutral Portable Executable file (LN file) and its associated .mui files. Alternately, it can be limited to a single binary module of any type, or to the .mui files associated with a single LN file. The search can also be limited to a single associated .mui file that contains resources for a specific language. | M69: https://docs.microsoft.com/en-us/windows/win32/api/libloaderapi/nf-libloaderapi-enumresourcetypesexw | N69: 2021-11-02 | O69: 2021-11-02 | P69: @TalenceSecurity | Q69: https://malapi.io/winapi/EnumResourceTypesExA
A70: EnumSystemLocalesA | B70: Kernel32.dll | C70: Enumeration, Injection, Evasion, Ransomware | D70: X | E70: X | F70: X | J70: X | L70: EnumSystemLocalesA is used enumerate installed locale identifiers, all of the supported identifiers or alternate sort identifiers, according to which flag is passed to the API. Can be used to geofence infection campaigns or avoid infecting systems from a certain region/country. It can also be used to jump to allocated shellcode and execute it. | M70: https://docs.microsoft.com/en-us/windows/win32/api/winnls/nf-winnls-enumsystemlocalesw | N70: 2022-03-27 | O70: 2022-03-27 | P70: Dodo - @dodo_sec, Kr0ff - @Kr0ff | Q70: https://malapi.io/winapi/EnumSystemLocalesA
A71: EnumWindows | B71: User32.dll | C71: Enumeration | D71: X | L71: EnumWindows is used to enumerate all top-level windows on the screen by passing the handle to each window, in turn, to an application-defined callback function. This function is commonly used for enumeration purposes. | M71: https://docs.microsoft.com/en-us/windows/win32/api/winuser/nf-winuser-enumwindows | N71: 2021-10-30 | O71: 2021-10-30 | P71: mr.d0x | Q71: https://malapi.io/winapi/EnumWindows
A72: ExitWindowsEx | B72: User32.dll | C72: Anti-Debugging | I72: X | L72: ExitWindowsEx is used to log off an interactive user, shuts down the system, or shuts down and restarts the system. This function is commonly used by malware as an anti-debugging technique. | M72: https://docs.microsoft.com/en-us/windows/win32/api/winuser/nf-winuser-exitwindowsex | N72: 2021-10-30 | O72: 2021-10-30 | P72: mr.d0x | Q72: https://malapi.io/winapi/ExitWindowsEx
A73: FindClose | B73: Kernel32.dll | C73: Helper | K73: X | L73: FindClose is used to close a file search handle. | M73: https://docs.microsoft.com/en-us/windows/win32/api/fileapi/nf-fileapi-findclose | N73: 2021-10-30 | O73: 2021-10-30 | P73: mr.d0x | Q73: https://malapi.io/winapi/FindClose
A74: FindFirstFileA | B74: Kernel32.dll | C74: Enumeration | D74: X | L74: FindFirstFileA is used to search through a directory and enumerate the filesystem. | M74: https://docs.microsoft.com/en-us/windows/win32/api/fileapi/nf-fileapi-findfirstfilea | N74: 2021-10-30 | O74: 2021-10-30 | P74: mr.d0x | Q74: https://malapi.io/winapi/FindFirstFileA
A75: FindFirstUrlCacheEntryA | B75: Wininet.dll | C75: Enumeration, Internet | D75: X | H75: X | L75: FindFirstUrlCacheEntryA is used to begin the enumeration of the Internet cache. | M75: https://docs.microsoft.com/en-us/windows/win32/api/wininet/nf-wininet-findfirsturlcacheentrya | N75: 2021-11-02 | O75: 2021-11-02 | P75: @TalenceSecurity | Q75: https://malapi.io/winapi/FindFirstUrlCacheEntryA
A76: FindNextFileA | B76: Kernel32.dll | C76: Enumeration | D76: X | L76: FindNextFileA is used to search through a directory and enumerate the filesystem. | M76: https://docs.microsoft.com/en-us/windows/win32/api/fileapi/nf-fileapi-findnextfilea | N76: 2021-10-30 | O76: 2021-10-30 | P76: mr.d0x | Q76: https://malapi.io/winapi/FindNextFileA
A77: FindNextUrlCacheEntryA | B77: Wininet.dll | C77: Enumeration, Internet | D77: X | H77: X | L77: FindNextUrlCacheEntryA is used to retrieve the next entry in the Internet cache. | M77: https://docs.microsoft.com/en-us/windows/win32/api/wininet/nf-wininet-findnexturlcacheentrya | N77: 2021-11-02 | O77: 2021-11-02 | P77: @TalenceSecurity | Q77: https://malapi.io/winapi/FindNextUrlCacheEntryA
A78: FindResourceA | B78: Kernel32.dll | C78: Helper | K78: X | L78: FindResourceA is used to find a resource in an executable or loaded DLL. Malware sometimes uses resources to store strings, configuration information, or other malicious files. If you see this function used, check for a .rsrc section in the malware’s PE header. | M78: https://docs.microsoft.com/en-us/windows/win32/api/winbase/nf-winbase-findresourcea | N78: 2021-10-30 | O78: 2021-10-30 | P78: mr.d0x | Q78: https://malapi.io/winapi/FindResourceA
A79: FindResourceExA | B79: Kernel32.dll | C79: Helper | K79: X | L79: FindResourceExA is used to find a resource in an executable or loaded DLL. Malware sometimes uses resources to store strings, configuration information, or other malicious files. If you see this function used, check for a .rsrc section in the malware’s PE header. | M79: https://docs.microsoft.com/en-us/windows/win32/api/winbase/nf-winbase-findresourceexa | N79: 2021-10-30 | O79: 2021-10-30 | P79: mr.d0x | Q79: https://malapi.io/winapi/FindResourceExA
A80: FindWindowA | B80: User32.dll | C80: Anti-Debugging | I80: X | L80: FindWindowA is used to get a handle to the top-level window whose class name and window name match the specified strings. This function is commonly used by malware as an anti-debugging technique. | M80: https://docs.microsoft.com/en-us/windows/win32/api/winuser/nf-winuser-findwindowa | N80: 2021-10-30 | O80: 2021-10-30 | P80: mr.d0x | Q80: https://malapi.io/winapi/FindWindowA
A81: FindWindowExA | B81: User32.dll | C81: Anti-Debugging | I81: X | L81: FindWindowExA is used to get a handle to the top-level window whose class name and window name match the specified strings. This function is commonly used by malware as an anti-debugging technique. | M81: https://docs.microsoft.com/en-us/windows/win32/api/winuser/nf-winuser-findwindowexa | N81: 2021-10-30 | O81: 2021-10-30 | P81: mr.d0x | Q81: https://malapi.io/winapi/FindWindowExA
A82: FlushEfsCache | B82: Advapi32.dll | C82: Ransomware | J82: X | L82: FlushEfsCache is used to flush EFS data from memory. This is used by EFS ransomware post-encryption to cause the files and folder to become unreadable. | M82: https://www.geoffchappell.com/studies/windows/win32/advapi32/api/index.htm | N82: 2021-11-01 | O82: 2021-11-01 | P82: mr.d0x | Q82: https://malapi.io/winapi/FlushEfsCache
A83: FtpPutFileA | B83: Wininet.dll | C83: Internet | H83: X | L83: FtpPutFileA is used to upload a file to a server via FTP. | M83: https://docs.microsoft.com/en-us/windows/win32/api/wininet/nf-wininet-ftpputfilea | N83: 2021-10-30 | O83: 2021-10-30 | P83: mr.d0x | Q83: https://malapi.io/winapi/FtpPutFileA
A84: GetAdaptersInfo | B84: Iphlpapi.dll | C84: Enumeration | D84: X | L84: GetAdaptersInfo is used to obtain information about the network adapters on the system. This function is commonly used by malware for enumeration purposes. | M84: https://docs.microsoft.com/en-us/windows/win32/api/iphlpapi/nf-iphlpapi-getadaptersinfo | N84: 2021-10-30 | O84: 2021-10-30 | P84: mr.d0x | Q84: https://malapi.io/winapi/GetAdaptersInfo
A85: GetAsyncKeyState | B85: User32.dll | C85: Spying | G85: X | L85: GetAsyncKeyState is used to determine when a specific key is pressed. This function is commonly used by keyloggers. | M85: https://docs.microsoft.com/en-us/windows/win32/api/winuser/nf-winuser-getasynckeystate | N85: 2021-10-30 | O85: 2021-10-30 | P85: mr.d0x | Q85: https://malapi.io/winapi/GetAsyncKeyState
A86: GetClipboardData | B86: User32.dll | C86: Spying | G86: X | L86: GetClipboardData is used to retrieve copied data residing in the clipboard. | M86: https://docs.microsoft.com/en-us/windows/win32/api/winuser/nf-winuser-getclipboarddata | N86: 2021-10-30 | O86: 2021-10-30 | P86: mr.d0x, @vinopaljiri | Q86: https://malapi.io/winapi/GetClipboardData
A87: GetComputerNameA | B87: Kernel32.dll | C87: Enumeration, Anti-Debugging | D87: X | I87: X | L87: GetComputerNameA is used to retrieve the computer name. This is commonly used by malware for anti-debugging purposes. | M87: https://docs.microsoft.com/en-us/windows/win32/api/winbase/nf-winbase-getcomputernamea | N87: 2021-10-30 | O87: 2021-10-30 | P87: mr.d0x | Q87: https://malapi.io/winapi/GetComputerNameA
A88: GetCurrentHwProfileA | B88: Advapi32.dll | C88: Enumeration | D88: X | L88: GetCurrentHwProfileA is used to retrieve information about the current hardware profile for the local computer. This function is commonly used by malware to anti-debugging purposes. | M88: https://docs.microsoft.com/en-us/windows/win32/api/winbase/nf-winbase-getcurrenthwprofilea | N88: 2021-10-30 | O88: 2021-10-30 | P88: mr.d0x | Q88: https://malapi.io/winapi/GetCurrentHwProfileA
A89: GetCurrentProcess | B89: Kernel32.dll | C89: Enumeration | D89: X | L89: GetCurrentProcess is used to retrieve a handle for the current process. | M89: https://docs.microsoft.com/en-us/windows/win32/api/processthreadsapi/nf-processthreadsapi-getcurrentprocess | N89: 2021-10-30 | O89: 2021-10-30 | P89: mr.d0x | Q89: https://malapi.io/winapi/GetCurrentProcess
A90: GetCurrentProcessId | B90: Kernel32.dll | C90: Enumeration | D90: X | L90: GetCurrentProcessId is used to retrieve the process identifier of the calling process. | M90: https://docs.microsoft.com/en-us/windows/win32/api/processthreadsapi/nf-processthreadsapi-getcurrentprocessid | N90: 2021-10-30 | O90: 2021-10-30 | P90: mr.d0x | Q90: https://malapi.io/winapi/GetCurrentProcessId
A91: GetCurrentThread | B91: Kernel32.dll | C91: Enumeration | D91: X | L91: GetCurrentThread is used to retrieve a handle for the calling thread. | M91: https://docs.microsoft.com/en-us/windows/win32/api/processthreadsapi/nf-processthreadsapi-getcurrentthread | N91: 2021-10-30 | O91: 2021-10-30 | P91: mr.d0x | Q91: https://malapi.io/winapi/GetCurrentThread
A92: GetCurrentThreadId | B92: Kernel32.dll | C92: Enumeration | D92: X | L92: GetCurrentThreadId is used to retrieve the thread identifier of the calling thread. | M92: https://docs.microsoft.com/en-us/windows/win32/api/processthreadsapi/nf-processthreadsapi-getcurrentthreadid | N92: 2021-10-30 | O92: 2021-10-30 | P92: mr.d0x | Q92: https://malapi.io/winapi/GetCurrentThreadId
A93: GetDC | B93: User32.dll | C93: Spying | G93: X | L93: GetDC is used to retrieve a handle to a device context (DC) for the client area of a specified window or for the entire screen. This function is commonly used by spyware for taking screenshots. | M93: https://docs.microsoft.com/en-us/windows/win32/api/winuser/nf-winuser-getdc | N93: 2021-10-30 | O93: 2021-10-30 | P93: mr.d0x | Q93: https://malapi.io/winapi/GetDC
A94: GetDCEx | B94: User32.dll | C94: Spying | G94: X | L94: GetDCEx is used to retrieve a handle to a device context (DC) for the client area of a specified window or for the entire screen. This function is commonly used by spyware for taking screenshots. | M94: https://docs.microsoft.com/en-us/windows/win32/api/winuser/nf-winuser-getdcex | N94: 2021-10-30 | O94: 2021-10-30 | P94: mr.d0x | Q94: https://malapi.io/winapi/GetDCEx
A95: GetDesktopWindow | B95: User32.dll | C95: Helper | K95: X | L95: GetDesktopWindow is used to get a handle to the desktop window that covers the entire screen. | M95: https://docs.microsoft.com/en-us/windows/win32/api/winuser/nf-winuser-getdesktopwindow | N95: 2021-10-30 | O95: 2021-10-30 | P95: mr.d0x | Q95: https://malapi.io/winapi/GetDesktopWindow
A96: GetDriveTypeA | B96: Kernel32.dll | C96: Enumeration, Ransomware, Helper | D96: X | J96: X | K96: X | L96: GetDriveTypeA is used to determine whether a disk drive is a removable / fixed / CD-ROM / RAM disk or network drive. | M96: https://docs.microsoft.com/en-us/windows/win32/api/fileapi/nf-fileapi-getdrivetypea | N96: 2021-11-02 | O96: 2021-11-02 | P96: @TalenceSecurity | Q96: https://malapi.io/winapi/GetDriveTypeA
A97: GetFileAttributesA | B97: Kernel32.dll | C97: Enumeration | D97: X | L97: GetFileAttributesA is used to retrieve file system attributes for a specified file or directory. | M97: https://docs.microsoft.com/en-us/windows/win32/api/fileapi/nf-fileapi-getfileattributesa | N97: 2021-10-30 | O97: 2021-10-30 | P97: mr.d0x | Q97: https://malapi.io/winapi/GetFileAttributesA
A98: GetFileTime | B98: Kernel32.dll | C98: Enumeration | D98: X | L98: GetFileTime is used to retrieve the date and time that a file or directory was created, last accessed, and last modified. | M98: https://docs.microsoft.com/en-us/windows/win32/api/fileapi/nf-fileapi-getfiletime | N98: 2021-10-30 | O98: 2021-10-30 | P98: mr.d0x | Q98: https://malapi.io/winapi/GetFileTime
A99: GetForegroundWindow | B99: User32.dll | C99: Spying, Anti-Debugging | G99: X | I99: X | L99: GetForegroundWindow is used to get a handle to the foreground window (the window with which the user is currently working). This function is commonly used by keyloggers and spyware to determine which window is being utilized at the moment by the user. | M99: https://docs.microsoft.com/en-us/windows/win32/api/winuser/nf-winuser-getforegroundwindow | N99: 2021-10-30 | O99: 2021-10-30 | P99: mr.d0x, Jorge Testa - https://jorgetesta.tech | Q99: https://malapi.io/winapi/GetForegroundWindow
A100: Gethostbyname | B100: Ws2_32.dll | C100: Internet | H100: X | L100: gethostbyname is used to retrieve host information corresponding to a host name from a host database. | M100: https://docs.microsoft.com/en-us/windows/win32/api/winsock2/nf-winsock2-gethostbyname | N100: 2021-10-30 | O100: 2021-10-30 | P100: mr.d0x | Q100: https://malapi.io/winapi/Gethostbyname
...

Sheet Mapeo_Categoria_API
A1: Categoría | B1: API | C1: Librería (DLL) | D1: Descripción
A2: Enumeration | B2: CreateToolhelp32Snapshot | C2: =IFERROR(INDEX(Catalogo_APIs!$B:$B,MATCH(B2,Catalogo_APIs!$A:$A,0)),"") -> Kernel32.dll | D2: =IFERROR(INDEX(Catalogo_APIs!$L:$L,MATCH(B2,Catalogo_APIs!$A:$A,0)),"") -> CreateToolhelp32Snapshot is used to enumerate processes, threads, and modules. This function is commonly used by malware to enumerate processes before process injection.
A3: Enumeration | B3: EnumDeviceDrivers | C3: =IFERROR(INDEX(Catalogo_APIs!$B:$B,MATCH(B3,Catalogo_APIs!$A:$A,0)),"") -> Kernel32.dll | D3: =IFERROR(INDEX(Catalogo_APIs!$L:$L,MATCH(B3,Catalogo_APIs!$A:$A,0)),"") -> EnumDeviceDrivers is used to enumerate drivers in the machine. This function is commonly used with kernel malware or for enumeration purposes.
A4: Enumeration | B4: EnumProcesses | C4: =IFERROR(INDEX(Catalogo_APIs!$B:$B,MATCH(B4,Catalogo_APIs!$A:$A,0)),"") -> Kernel32.dll | D4: =IFERROR(INDEX(Catalogo_APIs!$L:$L,MATCH(B4,Catalogo_APIs!$A:$A,0)),"") -> EnumProcesses is used to enumerate processes in the machine. Process enumeration is often a precursor to process injection.
A5: Enumeration | B5: EnumProcessModules | C5: =IFERROR(INDEX(Catalogo_APIs!$B:$B,MATCH(B5,Catalogo_APIs!$A:$A,0)),"") -> Kernel32.dll | D5: =IFERROR(INDEX(Catalogo_APIs!$L:$L,MATCH(B5,Catalogo_APIs!$A:$A,0)),"") -> EnumProcessModules is used to enumerate the loaded modules (executables and DLLs) for a given process. Malware enumerates through modules when doing injection.
A6: Enumeration | B6: EnumProcessModulesEx | C6: =IFERROR(INDEX(Catalogo_APIs!$B:$B,MATCH(B6,Catalogo_APIs!$A:$A,0)),"") -> Kernel32.dll | D6: =IFERROR(INDEX(Catalogo_APIs!$L:$L,MATCH(B6,Catalogo_APIs!$A:$A,0)),"") -> EnumProcessModulesEx is used to enumerate the loaded modules (executables and DLLs) for a given process. Malware enumerates through modules when doing injection.
A7: Enumeration | B7: FindFirstFileA | C7: =IFERROR(INDEX(Catalogo_APIs!$B:$B,MATCH(B7,Catalogo_APIs!$A:$A,0)),"") -> Kernel32.dll | D7: =IFERROR(INDEX(Catalogo_APIs!$L:$L,MATCH(B7,Catalogo_APIs!$A:$A,0)),"") -> FindFirstFileA is used to search through a directory and enumerate the filesystem.
A8: Enumeration | B8: FindNextFileA | C8: =IFERROR(INDEX(Catalogo_APIs!$B:$B,MATCH(B8,Catalogo_APIs!$A:$A,0)),"") -> Kernel32.dll | D8: =IFERROR(INDEX(Catalogo_APIs!$L:$L,MATCH(B8,Catalogo_APIs!$A:$A,0)),"") -> FindNextFileA is used to search through a directory and enumerate the filesystem.
A9: Enumeration | B9: GetLogicalProcessorInformation | C9: =IFERROR(INDEX(Catalogo_APIs!$B:$B,MATCH(B9,Catalogo_APIs!$A:$A,0)),"") -> Kernel32.dll | D9: =IFERROR(INDEX(Catalogo_APIs!$L:$L,MATCH(B9,Catalogo_APIs!$A:$A,0)),"") -> GetLogicalProcessorInformation is used to retrieve information about logical processors and related hardware. The function is used by malware for anti-debugging purposes.
A10: Enumeration | B10: GetLogicalProcessorInformationEx | C10: =IFERROR(INDEX(Catalogo_APIs!$B:$B,MATCH(B10,Catalogo_APIs!$A:$A,0)),"") -> Kernel32.dll | D10: =IFERROR(INDEX(Catalogo_APIs!$L:$L,MATCH(B10,Catalogo_APIs!$A:$A,0)),"") -> GetLogicalProcessorInformationEx is used to retrieve information about logical processors and related hardware. The function is used by malware for anti-debugging purposes.
A11: Enumeration | B11: GetModuleBaseNameA | C11: =IFERROR(INDEX(Catalogo_APIs!$B:$B,MATCH(B11,Catalogo_APIs!$A:$A,0)),"") -> Kernel32.dll | D11: =IFERROR(INDEX(Catalogo_APIs!$L:$L,MATCH(B11,Catalogo_APIs!$A:$A,0)),"") -> GetModuleBaseNameA is used to retrieve the base name of a specified module.
A12: Enumeration | B12: GetSystemDefaultLangId | C12: =IFERROR(INDEX(Catalogo_APIs!$B:$B,MATCH(B12,Catalogo_APIs!$A:$A,0)),"") -> Kernel32.dll | D12: =IFERROR(INDEX(Catalogo_APIs!$L:$L,MATCH(B12,Catalogo_APIs!$A:$A,0)),"") -> GetSystemDefaultLangId is used to retrieve the language identifier for the system. This function is used by malware that wish to infect specific locales or simply wish to gather statistics on areas of infection.
A13: Enumeration | B13: GetVersionExA | C13: =IFERROR(INDEX(Catalogo_APIs!$B:$B,MATCH(B13,Catalogo_APIs!$A:$A,0)),"") -> Kernel32.dll | D13: =IFERROR(INDEX(Catalogo_APIs!$L:$L,MATCH(B13,Catalogo_APIs!$A:$A,0)),"") -> GetVersionExA is a classic method used to retrieve the Windows version.
... A429: Helper | B429: UuidFromStringA | C429: =IFERROR(INDEX(Catalogo_APIs!$B:$B,MATCH(B429,Catalogo_APIs!$A:$A,0)),"") -> Rpcrt4.dll | D429: =IFERROR(INDEX(Catalogo_APIs!$L:$L,MATCH(B429,Catalogo_APIs!$A:$A,0)),"") -> UuidFromStringA is used to convert a string to a UUID. This function can be abused to both decode data and write it to memory without using common functions such as memcpy or WriteProcessMemory.
